{
  "LAMBADA": {
    "pretrained-gpt2": {
      "acc": 0.26004269357655735,
      "target_ppl": 18.87086617511382,
      "full_ppl": 72.18491077124057,
      "n": 5153,
      "sec": 173.46416211128235,
      "prefill_sec_gpu": 34.26980609941476,
      "decode_sec_gpu": 25.14491416386107
    },
    "ft-gpt2": {
      "acc": 0.21075101882398603,
      "target_ppl": 29.382588792912298,
      "full_ppl": 185.17086193014597,
      "n": 5153,
      "sec": 171.53972792625427,
      "prefill_sec_gpu": 34.008184890747046,
      "decode_sec_gpu": 24.659628401092867
    },
    "ft-mla": {
      "acc": 0.031632058994760334,
      "target_ppl": 649.3117210805993,
      "full_ppl": 693.583143562674,
      "n": 5153,
      "sec": 162.86259365081787,
      "prefill_sec_gpu": 43.032052101135385,
      "decode_sec_gpu": 30.968684187192675
    }
  },
  "CBT-CN": {
    "pretrained-gpt2": {
      "acc": 0.6416,
      "n": 2500,
      "sec": 266.9340229034424
    },
    "ft-gpt2": {
      "acc": 0.5892,
      "n": 2500,
      "sec": 267.556622505188
    },
    "ft-mla": {
      "acc": 0.5032,
      "n": 2500,
      "sec": 210.92858266830444
    }
  },
  "CBT-NE": {
    "pretrained-gpt2": {
      "acc": 0.3372,
      "n": 2500,
      "sec": 265.4797713756561
    },
    "ft-gpt2": {
      "acc": 0.3212,
      "n": 2500,
      "sec": 270.86639976501465
    },
    "ft-mla": {
      "acc": 0.28,
      "n": 2500,
      "sec": 211.12697219848633
    }
  },
  "WikiText2": {
    "pretrained-gpt2": {
      "nll": 3.5516612012390634,
      "ppl": 34.8711974755918,
      "sec": 5.621748208999634
    },
    "ft-gpt2": {
      "nll": 4.18061450075284,
      "ppl": 65.40603292398663,
      "sec": 5.558781147003174
    },
    "ft-mla": {
      "nll": 5.810433580905577,
      "ppl": 333.7638079206585,
      "sec": 6.189920425415039
    }
  },
  "WikiText103": {
    "pretrained-gpt2": {
      "nll": 3.5516612012390634,
      "ppl": 34.8711974755918,
      "sec": 5.534196138381958
    },
    "ft-gpt2": {
      "nll": 4.18061450075284,
      "ppl": 65.40603292398663,
      "sec": 5.522486448287964
    },
    "ft-mla": {
      "nll": 5.810433580905577,
      "ppl": 333.7638079206585,
      "sec": 6.172795295715332
    }
  }
}